{"users_working_balance": {"0x481791E002FCFD7D979Ce7896546419cE511164c": 85.05878607365666, "0x803585733d4554e712dcaCc2AcEA3a23b96de1e0": 1390.631208979543, "0xfb078AC8C0C2dBf243Bd11f979916A12acBA18D2": 94.1610403299631, "0xca294bb4bb06d03dA71d0D81a0D031C1B36c53A8": 0.16587583497774766, "0x42387A2723fbd2ed52a4323D568EF501F55B6594": 33.26090740364558, "0x70F65a050DDf1AF785cABe1dC658809851003699": 24897.574546402033, "0x0426266CF573388100183343b6e26b8bf5e4FDBb": 5634.6442163995125, "0x461Db62A9F6e2fd38421f70BCAB178B7FA521191": 769.3221525093389, "0xc25B8FD380755Af384a8ee6A2afBa973B0030675": 707.1359387219751, "0xCE300E091fEda8e2fDA8caf9EE74bfE334C96860": 3.1653213442705024, "0xC70C36336037ed70c55440453B8ACC64225B22f6": 8.52874143463933, "0x916B6B569BA5E60abE7729aa0414fBEc6D03c8C2": 28.421062698400693, "0x69a854421a5B9faF22Cba12De342b5Ae08bD7BB2": 133.31463101316456, "0xd4C6A9C2217b830B53DBccB480b9307E30bd30cC": 223.99298230198337, "0xb71E73bd3957e4E4944322A0C2A87950716Bb03A": 51.50414668881387, "0x00b3421F805e1454Bb1Cb51D1EE656f83Ea9e20b": 0.06623079610373633, "0x0A15a57b699823464A7387686121d5Cf5E3DDD75": 21.45047775740854, "0x9EdB32a8a31e44d738241618b16cd3295591A752": 101.99194686550933, "0x8aAf6aD609aabFe4768b9d60605cD3f58afaF038": 37438.456, "0x8C6d2a0b184c1F4354aF7a6aB46Cce0Ca4E2e0B9": 16.838492108888936, "0x74D3e68ec3E708eA6d936a7052ddA7D174CaD6d1": 70.12182791357792, "0xD35a2894063872A9EA003Ec4B32163cc6C21a56D": 539.0970793743239, "0xE38fc5F8F5D3b1A8aEf0F9a8301eceEe5D5F7B78": 2.87732289331712, "0xb0Eb53e2BF14dD6d68b3D823dAc1A3D97B3E2025": 13.450406593361256, "0xb7BAba0Bb4D1D9Be8898eCF28aC6c69c16a53871": 40.00183992928247, "0x410D13c8e0765DCc7E569b38414C707d8101F937": 400.64982222159597, "0xcF6e7983381c4C2D2575FF9263671ACEAC6Cec1C": 182.1909119015931, "0x30f4aB534595827BC348Af76F7f1AbEb6909ABE7": 2.3443523186487325, "0x7F429edeff8afC7Bb3A2CF7DB832Fc86f6FA99DA": 0.1693175289777657, "0x955aF4de9Ca03f84c9462457D075aCABf1A8AfC8": 1019.2857055960744, "0x902736bA2f6558332efBAdb4a731aF786e55f4B9": 22.048701806234742, "0xAd50CfCFee1eADCf3801EcEdCA1bcEf01Ac109cE": 851.6922597039033, "0xaf0b0DFFB9aC32765D642720BE6B819872325F5D": 2.330901954294302, "0x3d9A1e3eD41f01bBa3D85Df9b531cf0b386481F7": 8.716321615406677, "0x0B884c52E70472Ff2092d87d2f733077D38b66aD": 24.291064833457366, "0x46F37acDE849F73c91578933B2119375e6aF767c": 0.10455136008016332, "0x5301F593A3ec2631fE055f5D46D42Eb42E189005": 2.0461159151008785, "0xc8B19839ae371bd541F20B15c3A3CB82BFB6A6C6": 4.384294721403229, "0x0aF972dc110675A608D0858C164A360452Fa6633": 1092.5737834208576, "0x0fe352ceE35E92dcD22080F3455752B91EA8751a": 200.9333044718798, "0x6ef0B0154dE21342b96B71c3AA9b685875997122": 355.6067378253387, "0x252ae555ee0C67784A9025a9ca1C24FD381Ec15c": 400.7064052369781, "0x1EE1D9314eBE022F6ce1a91bb5e264f814a4281f": 0.1470038992620235, "0x99cD496587BC9428570D38BE85E9229ef252Eb3E": 1.8987429589042535, "0x61825C8DD51742d3231b89f1b875F76A8b0b1E2A": 73915.53624115963, "0xd85A2aBf44825f27968a20B6580F457f9Ef33961": 730.4749951876149, "0x6b6755c30b7e7197E9172C4a548dE14d0f985EA8": 3.5166157648920003e-07, "0x3a373B8793169AF07A0BE59Ff251BBD91d609423": 0.0011855782585396865, "0x69b4c310BD16914D556e8689EBB1E7c517A0cd58": 26.887342988483798, "0xa60D86F5E7F3ab10Ea627272aBc4B57F99F0FeB7": 3999.900321448616, "0x7BF3fDE4FE3D031CAF369BFd15855B31b4512a9d": 0.000606346232344734, "0x7106806B1d3B003fc222BC7437f5a3611985d8fC": 17810.26039359166, "0x26DCD70104E1CD82f8A6EaE286A9A36B3Cd2ecb4": 0.07932916171223545, "0xD2eFC72EA0Ae33A5A6Bb98763CCA121922350582": 6.133957532701403, "0x519294127b5dDd2DB1Bf421a4642feCE134d1224": 0.2655048565273116, "0x0E7BC8009F87231661591c05e07AFBc2DF89116B": 294.9050166133923, "0x3e8734Ec146C981E3eD1f6b582D447DDE701d90c": 16975.499124032016, "0x83D836Af5bbFdF0638AB28e56fF374112178dceb": 88.47791298167036, "0xb7BFcDC3a2AA2aF3Fe653C9E8a19830977E1993C": 0.007710912690705026, "0xF83EA853e5FFb718f36A2202051dE850E2f9873b": 1.861798950267286, "0x5EA03E806fD426189f5Ee453157a04Dddb065229": 350.2485328717973, "0x37Bc0D7d21A51072ce1590C2F4e05A4D0C36B190": 483.1866449297736, "0x193641EA463C3B9244cF9F00b77EE5220d4154e9": 50.11720172771079, "0x8f11902D6ddd254a1034Ac2ff64a42D00A8226b0": 370.3080027881016, "0xd3c9922F9D21B7F35d475F0C5ABbE599Fa17b6C0": 80.28048616029409, "0x3A8A15E11bd83EFb9a9aE2c752c89FF5b3E26F8b": 2.0146078756066377, "0xaa89C8e5BA92542B6b06A97B1FFBB5E1e3dd86B1": 9.245087390858302, "0xc266BF7aFC573feFf71D275B362Af0C92FD0BA02": 2967.4786903775175, "0x98994750AE035A569b6966b23cDD82ddD5A9B031": 824.5978305729274, "0xc6Ce00b17A4281EEeb80eAf368457d6034Aed786": 8.958165245709285, "0xA8aE5c4f72731d81cFB108D247479335CE8137c0": 129.0088123396863, "0x138dF85038d8E72a391DA7c686F95D9fE2e0C9F9": 219.3012028992373, "0x44873A37c632d25adc2Dc0f581655999D5042e47": 0.003286821570434443, "0x95100A8f0Bec1803d6e907B0D6b22Ea63fAEBCC5": 14.271512107101552, "0xaC9f3E8dEf662A47aE4992153fb66c750C33E662": 1.2079675849974685, "0xff1A1AA3f81986CE934F42BE48488a6FDDB38874": 111.14887029943311, "0x5Ab292608d580f53DEff4f0a0A0679dB7246efb7": 17.79792821924199, "0xdb9a6939Aa2fE594d07e2df74c7e4E058833340c": 0.8151019156777697, "0x2F7E5BC6c132c455E5d59EfB96118DdbDa02883d": 0.10140164456661287, "0xb734Ec7A75d65406fde5bcf9156cAB673ba1e1C5": 3589.515949679918, "0x6ad4B23B9109310BD157F82e0c97b4e8e19C5237": 0.0019935686071736528, "0x0D4AAbba4aa4073658cC0D4e37aa2F1f54B80d80": 0.014344178998059646, "0x7D91fbe1875944b505f3e730F7b608135a676d6d": 48.31067352180723, "0x2cA6d9Dc0851228f6eEdf0621ed81a1269684a3B": 133.94222541578668, "0x843eF8eC3f017E9ac3B58a854B4ed9034a90fe7b": 0.015301186365551321, "0xDe89E191fFd6ebc3eC44A1F11ED6706Fb2e79606": 0.015191240978771458, "0x0084F0C2C3B856d9892Fec03b36F590318A640A6": 0.027878875149312553, "0x8D16c866E86057E471Bae86dCc6251277e99Dc41": 8.782184090572027, "0x656e1A01055566ad6A06830Add7a0F5EF7dd2512": 934.7230627665659, "0x702f5E892D3534d7ae5bB0871478f32838eEb7C0": 0.004743049568707743, "0x7b9a47866f8f82394f54FfE5cbeD9e0178654dCe": 27.035278546325003, "0x6FB52594cD68D1780cC71E03fE57C05B2E8d1c6a": 0.23924230797094273, "0xff7EAa65741e353C9A75fD327A1b94BD02E7dec2": 0.26509265926373743, "0x4dC4a3b1dfF27Dc2F3A9eB2e060421272E5275cf": 0.20506078912364453, "0x82837eeE1E4a72E94138d53D14DBa876cCdae8a0": 0.001683609014280294, "0xa2a300d9677231e54F99bBbC2E0dfAB00D4FBC6B": 0.05796446020124866, "0xa1a9eac8E7Ef981CFc8c286FEDF52572814Cd1eE": 0.006363909464199159, "0xA2cB3A850F4953b4c4890D686f5AAFA3006e08D7": 0.002271578561952495, "0xF7A11E4a567A9d44c00be0d006Ae63e1Ae98D7d4": 160.58291976318395, "0xd32b521198AF92716d54785295E855807E8390F3": 0.1572043829620041, "0x97a2c59C2fEc997704347454d8f44428c9A4C33c": 0.035258231935442266, "0xc1D6Fd8783E1Ed9A0D23572Ca518B02F2B7DC042": 0.019208737274636734, "0x6faB22708259E8668b41e3d335d85fE1Db2444d5": 0.17017975118837667, "0xD2cDC20D887244f62C6036B7F20Dd20ccBdeE79e": 0.08766141800985933, "0x890932278Ec9653c0bbE8a5B0e98AF5b27A6154b": 0.1163544967462941, "0xbB9ca8DEb7bE0CcaD61aF3b0fa92564fEb950eb7": 0.06976980423898704, "0x87e21De231FA9bf7cF5E30E8FF5388E781e9080C": 181.20070290236106, "0xD428c74F56176cfC1927e18549Dcb38aFB4D2E17": 0.26727288690812373, "0xeC05d4f61d2f46765849B6309fEa562C7697e1AE": 0.012181125585252237, "0x805EBB94084e01da57c4bc70B6FE414aF9148596": 0.13971059434327637, "0xCe0AeF097C8f76f96A4a64d8dAb6F381e9C327B0": 58.88935399605311, "0xaDfdA5e88D3642219427DC8278029B17a7DF5CE0": 87.56405321608496, "0x591A75bf20973B58aA39921F8A5eEB1Cf7051a61": 0.00011585710727602679, "0xc20768Bb7545e8C328b8D4b9ac16488ED4fD79f8": 2367.7778597661168, "0xfCAD3f29325bfe14629eF005Fa7E0f5E04eEeE7A": 11790.1531613534, "0x9ed3db6659a65F3cA3867ee08eE71c58dEd161DF": 4.716219755834534, "0x61df2c422274b021460759F342e216010559D695": 0.07983781578095735, "0x2f83cf8c565F35815225FdFdFA1D191142C77524": 72.16601833246773, "0x67B17f75e48CF7967c0A9f79F659A02b287ffd99": 0.20042496429229098, "0xF8Ab77507e7B3044D4cc53952d94660924E272c1": 0.16, "0x1b6641FFffCad0d90ddfD000e4C69606f022a2e4": 7.562117225216429,