{"users_working_balance": {"0x606A503e5178908F10597894B35b2Be8685EAB90": 6.174419898068972, "0x6E6cEa0E277D9CfCef9094c5C8713bb52eD600E0": 604.9484860011099, "0x9605a73EC78D6b3564dECD7D09878d739ed32312": 947.7312885308639, "0xD4f9FE0039Da59e6DDb21bbb6E84e0C9e83D73eD": 503.24308939296026, "0x54c9cB3AC40EF11C56565e8490e7C3b4b17582AF": 30031.444073362167, "0x2260fBf050Dcabc8636e3b502821159ab13fE364": 9896403.744701985, "0x7e1E1c5ac70038a9718431C92A618F01f8DADa18": 2891.8434017081045, "0x3f43a33Be58a84bfCa084d25328Af4Ae41678620": 40145.86186623538, "0x63e7f94ECa7c1D072aAd9026fC5a39d01abC206A": 2861.128444635182, "0x612356EA7E7F2D9d9BDC1aF83043Eb6f14061Dd4": 77001.10926170576, "0x4D26f0e78C154f8FDA7AcF6646246Fa135507017": 2080.475680684788, "0xe307c873344b6148d3343530820Eb9e741247EC1": 135.916695390639, "0x2f707265E61300e8290C18E38EbcBd129FB0B0F5": 368442.74524312094, "0xDB60b36688df7AB9444f32DdE2d8CEAC4b0040E1": 10975.938385923519, "0xc1AF2a378d98b43C574eB2d021e273935707A3ef": 356.93706442101046, "0x83fEBcf72458393A3957cc9793A9F04FF59A3d45": 40999.14645361831, "0x6580B4a8af96532eeE64Fc7079cA9DcD3dd1B815": 100395.91956214496, "0x5DA07af8913A4EAf09E5F569c20138b658906c17": 1693051.9271857762, "0x2fC74276522cB6e8b7541Bd590D969119fC15A61": 1393456.8112100153, "0xf06FC197033BD8d2A780438684515BD9E0E9B434": 34801.88192508065, "0xC5200D72E6d3cBb471A6692d7425abe3A0c781Af": 1199998.4748057863, "0x009d13E9bEC94Bf16791098CE4E5C168D27A9f07": 36933.16192760593, "0xC5201FFE258a95Af986E7cD1fcaD54f3f63f2C95": 208852.37829289626, "0x61d7ecE32854CaF46c6304Fd536704EacD4dA256": 40486.15403871566, "0x48c7e0db3DAd3FE4Eb0513b86fe5C38ebB4E0F91": 225.34994724623382, "0x7060a14A1b1C31Fbd6eb5Ae48230fbdB33a9b72D": 2448.7135240000002, "0x28EF7B4252aC35266f5a16Af86046356Ce60fad0": 59.64447714529783}, "working_supply": 15185098.805453025, "ratio_working": 2.538538917672031, "total_vp": 38547964.28633758, "last_base_block": 29367974, "veSDT_total_supply": 29857436.617773876, "veBalance": 38547964.28633756, "total_user_votes": 38547964.28633756, "sdspectra_gauge_total_supply": 37392131.54711687, "sdspectra_total_supply": 38547964.28633756}