{"users_working_balance": {"0x606A503e5178908F10597894B35b2Be8685EAB90": 6.174419898068972, "0xD4f9FE0039Da59e6DDb21bbb6E84e0C9e83D73eD": 588.2696791770375, "0x54c9cB3AC40EF11C56565e8490e7C3b4b17582AF": 76936.32104184068, "0x2260fBf050Dcabc8636e3b502821159ab13fE364": 10553112.867216334, "0x7e1E1c5ac70038a9718431C92A618F01f8DADa18": 5079.888113463263, "0x3f43a33Be58a84bfCa084d25328Af4Ae41678620": 45801.01094178232, "0x612356EA7E7F2D9d9BDC1aF83043Eb6f14061Dd4": 104942.34906451701, "0x4D26f0e78C154f8FDA7AcF6646246Fa135507017": 27063.246067857996, "0xe307c873344b6148d3343530820Eb9e741247EC1": 1045.2249711057075, "0xc1AF2a378d98b43C574eB2d021e273935707A3ef": 526.570669169979, "0x83fEBcf72458393A3957cc9793A9F04FF59A3d45": 40133.289778556784, "0x5DA07af8913A4EAf09E5F569c20138b658906c17": 1694691.8987240058, "0x2fC74276522cB6e8b7541Bd590D969119fC15A61": 2000000.0112100153, "0xf06FC197033BD8d2A780438684515BD9E0E9B434": 13920.752770032259, "0xC5200D72E6d3cBb471A6692d7425abe3A0c781Af": 1312069.725242738, "0x009d13E9bEC94Bf16791098CE4E5C168D27A9f07": 36933.16192760593, "0xC5201FFE258a95Af986E7cD1fcaD54f3f63f2C95": 1272553.9020919313, "0x48c7e0db3DAd3FE4Eb0513b86fe5C38ebB4E0F91": 284.07916242910846, "0x7060a14A1b1C31Fbd6eb5Ae48230fbdB33a9b72D": 2448.7135240000002, "0xa219712cC2Aaa5AA98CcF2A7ba055231F1752323": 12762.139751884128, "0x678b5bcaFE38C8B715032c1204230a6d6c2E775B": 2207.2043575225575, "0xaB699b1BB3fE0eB9884213AB91D86f06fB33499d": 11401.802875536507, "0x6206798A980D13d34b7078bE0f95E2f4C3146dD0": 36471.778396780035, "0x19bff1DBDF88B154BE91AF3c9c8542a50f53858e": 6720.061320517231, "0x3Ac892A09165516D98Ec9C02B95Ff840aB4bAdae": 11100.874257750296, "0x7af047104423541De128D214E175fAC2C6E2db34": 97750.37607651339, "0x48Fb55eD1Fb62ED26274fb805f6444bEa97c1F28": 2213.0285528426266, "0x719a143654a0C4621F49FA77077800ef3F5C3b40": 123.95843377448546, "0x4E151f37CC3355DF367031d7c667d168555901D6": 4106.172165257185, "0x0EAdb62d5Caf12794866c33Ea934e5cc59C2E9cD": 785.6937078198597, "0xfC4B2a62A06cb2E1C6A743E9aE327Bb16977E4c1": 11567.504800591369, "0xE08D9cc9b651cB95dE82562a3642AfE7c7CDb902": 86.69572103311091, "0x380aEcc4Ea3B01073B55aAD8C6a293e57c3762a9": 867.6242598197168, "0x61fdff48D154c6079E43CBf14027057b367cb3b2": 23771.04193369916, "0x2d78a19E838a88827749571Cf1a0D381Fd563139": 9012.906761685046, "0xF75028beeaF95E861400fCa653ef12dD44C18A48": 4000.0, "0xdf9134f23f39519CB8E5af048873faCfb0154080": 25.583863717882906, "0x67bF34e82fAd5fa01ADF3f55b986FDd05623D0ee": 57.6, "0xdB02db34221f6116A993B4a70cEFe28b9aFF379B": 19552.080855925225, "0xAf79312EB821871208ac76A80c8E282f8796964e": 0.003250001419011739, "0xaA983Fe498c300094B708c3B48deDE9bd91A0183": 266.3990389804299, "0x5275817b74021E97c980E95EdE6bbAc0D0d6f3a2": 368235.23024439905, "0x69344717556C64DC49A2Ba36267A04efAcF34d27": 5237.818324857852, "0x3C89C4dda1B985F049F92D0B91875EF12486C94E": 92450.66320879325, "0xA613877f3A2A73D67c313fB43B740C5f877E98B9": 1029.0356545474353, "0xF8E85fD6A2a73A5d2CC9df4209Ac0C1dc16E15a4": 199.28654322876187, "0xD68C6243C95D72e7e1c1407AD0DCe7C10cB96CD0": 6596.581985185816, "0x53305c8aF6BeC831ac5d497a668Cb9cF466Fc116": 11241.45190726751, "0xC0E88f859dE5c9EBDDDd7e5C4c46ab7fcECd65d7": 1.414006351137277, "0xF0F4A383bD45290b024F062aa2c213b7430A44b6": 1286.5600384748427, "0x7F91B4A29bFdCDb09E6250E218BbD010eD44CFA1": 60299.85010575753, "0x3A6D3c0b56569e9FD2B40874C5ADb51a6988e8a9": 134.84906419253582, "0xaa17879e7cac3AEE12D6aa568691e638EF0C57f0": 390512.9461499438, "0x39dBe03cb40317C066ce14E9f1FF9606a2fF205d": 3201.1237608882884, "0xF68d4b506ED84e4c9F30652dA9c511A32Bd1A192": 11.090248406212357, "0x39b487c1Fb23FB5cC82fb25A0374049ae42c46C3": 2491.6060546226413, "0x221F2E57b394DE8B14305bC720E406F4886240a9": 0.4, "0xCA0073964efe7f9422CeB16901018b1DB0cC4785": 7537.613051236866, "0x59512422AF0709c7CaB8285838975Cd8D7C7CE7d": 171.60013514398491, "0x321516d8fe2083EEEba69A1babB8Fd7969493B1B": 52674.09207057163, "0x0A7AA8F19B9c1cd7479b0EC37014A51E45C61AC2": 121.63926997201436, "0xb0e83C2D71A991017e0116d58c5765Abc57384af": 267360.83658454835, "0x1443897239740Fe0771f1c8b5DeBC46432c6F673": 181.6051178099034, "0xd6d2E2ae56A7b49133234eb50219acFF8f7448ba": 4532.302123812693, "0xf06C163422c7Ae65f585C82C63865732bdb36654": 26849.664820187805, "0x9C56887bB34779DcC0345fc017908655223fAf62": 5505.833779747488, "0x0EcA5Bd7b78603C3A4B3292914C98b94500f843A": 8377.370935847692, "0xA7c03283E48E1bcd70f7C648eA8781fe0F343aE4": 1032.731217701601, "0x161C784b140962FD00c39b26a1a8D282d8d6f01E": 125.98239303528227, "0x12f2d2d8Ff313aFc60Ce2C13a34CddD5bf8305c6": 303.15364433603696, "0xA651B9C25cE2359C159846740796c61c5aE0Edce": 0.25077490420264065, "0x51C278A396C60bf0341A99f8c8C57A3497022dd1": 220.96919245234926}, "working_supply": 18760913.53940633, "ratio_working": 2.6144332684584315, "total_vp": 49049156.50409613, "last_base_block": 41778660, "veSDT_total_supply": 34247174.03468973, "veBalance": 49049156.504096106, "total_user_votes": 49049156.504096106, "sdspectra_gauge_total_supply": 45928299.49889924, "sdspectra_total_supply": 49049156.504096106}