{"users_working_balance": {"0x606A503e5178908F10597894B35b2Be8685EAB90": 6.174419898068972, "0xD4f9FE0039Da59e6DDb21bbb6E84e0C9e83D73eD": 588.2696791770375, "0x54c9cB3AC40EF11C56565e8490e7C3b4b17582AF": 29876.48339804007, "0x2260fBf050Dcabc8636e3b502821159ab13fE364": 9896403.744701985, "0x7e1E1c5ac70038a9718431C92A618F01f8DADa18": 4565.232968449069, "0x63e7f94ECa7c1D072aAd9026fC5a39d01abC206A": 3018.394652609627, "0x612356EA7E7F2D9d9BDC1aF83043Eb6f14061Dd4": 104942.34906451701, "0x4D26f0e78C154f8FDA7AcF6646246Fa135507017": 13726.408309428873, "0xe307c873344b6148d3343530820Eb9e741247EC1": 1045.2249711057075, "0x2f707265E61300e8290C18E38EbcBd129FB0B0F5": 642215.7667030537, "0xDB60b36688df7AB9444f32DdE2d8CEAC4b0040E1": 23855.64577998281, "0xc1AF2a378d98b43C574eB2d021e273935707A3ef": 526.570669169979, "0x83fEBcf72458393A3957cc9793A9F04FF59A3d45": 40607.20704043883, "0x5DA07af8913A4EAf09E5F569c20138b658906c17": 1694691.8987240058, "0x2fC74276522cB6e8b7541Bd590D969119fC15A61": 2000000.0112100153, "0xf06FC197033BD8d2A780438684515BD9E0E9B434": 25716.423073146023, "0xC5200D72E6d3cBb471A6692d7425abe3A0c781Af": 1312069.725242738, "0x009d13E9bEC94Bf16791098CE4E5C168D27A9f07": 36933.16192760593, "0xC5201FFE258a95Af986E7cD1fcaD54f3f63f2C95": 1272553.9020919313, "0x48c7e0db3DAd3FE4Eb0513b86fe5C38ebB4E0F91": 284.07916242910846, "0x7060a14A1b1C31Fbd6eb5Ae48230fbdB33a9b72D": 2448.7135240000002, "0xa219712cC2Aaa5AA98CcF2A7ba055231F1752323": 11623.391295583191, "0x678b5bcaFE38C8B715032c1204230a6d6c2E775B": 2207.2043575225575, "0xaB699b1BB3fE0eB9884213AB91D86f06fB33499d": 10821.928488589367, "0x6206798A980D13d34b7078bE0f95E2f4C3146dD0": 34425.28827126114, "0x19bff1DBDF88B154BE91AF3c9c8542a50f53858e": 6720.061320517231, "0x3Ac892A09165516D98Ec9C02B95Ff840aB4bAdae": 11766.265210570396, "0x7af047104423541De128D214E175fAC2C6E2db34": 97750.37607651339, "0x48Fb55eD1Fb62ED26274fb805f6444bEa97c1F28": 2241.7779566181475, "0x719a143654a0C4621F49FA77077800ef3F5C3b40": 122.34072170677797, "0x4E151f37CC3355DF367031d7c667d168555901D6": 4106.172165257185, "0x0EAdb62d5Caf12794866c33Ea934e5cc59C2E9cD": 785.6937078198597, "0xfC4B2a62A06cb2E1C6A743E9aE327Bb16977E4c1": 9741.617802518445, "0xE08D9cc9b651cB95dE82562a3642AfE7c7CDb902": 86.69572103311091, "0x380aEcc4Ea3B01073B55aAD8C6a293e57c3762a9": 867.6242598197168, "0x61fdff48D154c6079E43CBf14027057b367cb3b2": 24058.87465072614, "0x2d78a19E838a88827749571Cf1a0D381Fd563139": 8567.779681589198, "0xC69aDcA4485C0C494f34e9Aa6b0A31f343f76411": 8432.46724517525, "0xF75028beeaF95E861400fCa653ef12dD44C18A48": 4000.0, "0xdf9134f23f39519CB8E5af048873faCfb0154080": 25.583863717882906, "0x67bF34e82fAd5fa01ADF3f55b986FDd05623D0ee": 57.6, "0xdB02db34221f6116A993B4a70cEFe28b9aFF379B": 19357.00683719788, "0xAf79312EB821871208ac76A80c8E282f8796964e": 0.003250001419011739, "0xaA983Fe498c300094B708c3B48deDE9bd91A0183": 259.9312735805934, "0x5275817b74021E97c980E95EdE6bbAc0D0d6f3a2": 226729.4980087511, "0x69344717556C64DC49A2Ba36267A04efAcF34d27": 5248.908830922044, "0x377762B549E5126763cc2Ef18a20B804B921c2C8": 2598.4765243880593, "0xBD7e803E1F9FAd009922DA97ff92a92E90d1Aa79": 802.1155886412107, "0x3BCB079C336F6Ca8e5a54E6A6F9B591418472daC": 587.4690672345531, "0xA613877f3A2A73D67c313fB43B740C5f877E98B9": 1071.600920237559, "0xF8E85fD6A2a73A5d2CC9df4209Ac0C1dc16E15a4": 199.28654322876187, "0xF6CC51953d3f35dc62ef42a336f7BEdb79CB35ec": 1663.7257439020618, "0xD68C6243C95D72e7e1c1407AD0DCe7C10cB96CD0": 6596.581985185816, "0x53305c8aF6BeC831ac5d497a668Cb9cF466Fc116": 11241.45190726751}, "working_supply": 17620840.186590802, "ratio_working": 2.6843177874980895, "total_vp": 47299934.743526846, "last_base_block": 35462749, "veSDT_total_supply": 32249642.404849827, "veBalance": 47299934.74352683, "total_user_votes": 47299934.74352683, "sdspectra_gauge_total_supply": 43054522.478553556, "sdspectra_total_supply": 47299934.74352683}