{"users_working_balance": {"0x606A503e5178908F10597894B35b2Be8685EAB90": 6.174419898068972, "0xD4f9FE0039Da59e6DDb21bbb6E84e0C9e83D73eD": 503.24308939296026, "0x54c9cB3AC40EF11C56565e8490e7C3b4b17582AF": 29806.645192373453, "0x2260fBf050Dcabc8636e3b502821159ab13fE364": 9896403.744701985, "0x7e1E1c5ac70038a9718431C92A618F01f8DADa18": 4235.581368509182, "0x3f43a33Be58a84bfCa084d25328Af4Ae41678620": 41099.13340527557, "0x63e7f94ECa7c1D072aAd9026fC5a39d01abC206A": 3018.394652609627, "0x612356EA7E7F2D9d9BDC1aF83043Eb6f14061Dd4": 77001.10926170576, "0x4D26f0e78C154f8FDA7AcF6646246Fa135507017": 11023.023777858032, "0xe307c873344b6148d3343530820Eb9e741247EC1": 1045.2249711057075, "0x2f707265E61300e8290C18E38EbcBd129FB0B0F5": 490007.5507685443, "0xDB60b36688df7AB9444f32DdE2d8CEAC4b0040E1": 10896.768569241338, "0xc1AF2a378d98b43C574eB2d021e273935707A3ef": 526.570669169979, "0x83fEBcf72458393A3957cc9793A9F04FF59A3d45": 40793.69566913949, "0x6580B4a8af96532eeE64Fc7079cA9DcD3dd1B815": 104012.00043310448, "0x5DA07af8913A4EAf09E5F569c20138b658906c17": 1694691.8987240058, "0x2fC74276522cB6e8b7541Bd590D969119fC15A61": 1393456.8112100153, "0xf06FC197033BD8d2A780438684515BD9E0E9B434": 20055.061697682013, "0xC5200D72E6d3cBb471A6692d7425abe3A0c781Af": 1199998.4748057863, "0x009d13E9bEC94Bf16791098CE4E5C168D27A9f07": 36933.16192760593, "0xC5201FFE258a95Af986E7cD1fcaD54f3f63f2C95": 208852.37829289626, "0x48c7e0db3DAd3FE4Eb0513b86fe5C38ebB4E0F91": 225.34994724623382, "0x7060a14A1b1C31Fbd6eb5Ae48230fbdB33a9b72D": 2448.7135240000002, "0x28EF7B4252aC35266f5a16Af86046356Ce60fad0": 14256.76457411694, "0xa219712cC2Aaa5AA98CcF2A7ba055231F1752323": 10785.542714863317, "0x678b5bcaFE38C8B715032c1204230a6d6c2E775B": 2207.2043575225575, "0xaB699b1BB3fE0eB9884213AB91D86f06fB33499d": 10225.088285532662, "0x6206798A980D13d34b7078bE0f95E2f4C3146dD0": 33375.16053426155, "0x19bff1DBDF88B154BE91AF3c9c8542a50f53858e": 400.00076454992666, "0x3Ac892A09165516D98Ec9C02B95Ff840aB4bAdae": 12025.879608450467, "0x7af047104423541De128D214E175fAC2C6E2db34": 97750.37607651339, "0x48Fb55eD1Fb62ED26274fb805f6444bEa97c1F28": 2315.3159074501636, "0x719a143654a0C4621F49FA77077800ef3F5C3b40": 122.34072170677797, "0xB9c5b78853aE708dA18Ef55B387Ef40C3C165c3e": 14368.296369704305, "0x4E151f37CC3355DF367031d7c667d168555901D6": 4106.172165257185, "0x0EAdb62d5Caf12794866c33Ea934e5cc59C2E9cD": 785.6937078198597, "0xfC4B2a62A06cb2E1C6A743E9aE327Bb16977E4c1": 7804.699839098639, "0xE08D9cc9b651cB95dE82562a3642AfE7c7CDb902": 0.0003890476047331472, "0xae5eaCAF9C6b9111Fd53034A602c192A04e082ED": 280000.3829030685, "0x380aEcc4Ea3B01073B55aAD8C6a293e57c3762a9": 867.6242598197168, "0x61fdff48D154c6079E43CBf14027057b367cb3b2": 24158.655545535592, "0x2d78a19E838a88827749571Cf1a0D381Fd563139": 8567.779681589198, "0xC69aDcA4485C0C494f34e9Aa6b0A31f343f76411": 8432.46724517525, "0x93384fC5828F1B7f2A8e5ab58595115CdC09469f": 345.8581143325461, "0xF75028beeaF95E861400fCa653ef12dD44C18A48": 4000.0, "0xdf9134f23f39519CB8E5af048873faCfb0154080": 25.583863717882906}, "working_supply": 15803967.598708287, "ratio_working": 2.5893736276712134, "total_vp": 40922376.91266559, "last_base_block": 32168765, "veSDT_total_supply": 31368758.850901973, "veBalance": 40922376.912665576, "total_user_votes": 40922376.912665576, "sdspectra_gauge_total_supply": 38889968.968622126, "sdspectra_total_supply": 40922376.912665576}