{"users_working_balance": {"0x606A503e5178908F10597894B35b2Be8685EAB90": 6.174419898068972, "0x6E6cEa0E277D9CfCef9094c5C8713bb52eD600E0": 863.0740713578682, "0xD4f9FE0039Da59e6DDb21bbb6E84e0C9e83D73eD": 503.24308939296026, "0x54c9cB3AC40EF11C56565e8490e7C3b4b17582AF": 29775.594927084298, "0x2260fBf050Dcabc8636e3b502821159ab13fE364": 9896403.744701985, "0x7e1E1c5ac70038a9718431C92A618F01f8DADa18": 3085.193559604142, "0x3f43a33Be58a84bfCa084d25328Af4Ae41678620": 40169.623700856995, "0x63e7f94ECa7c1D072aAd9026fC5a39d01abC206A": 2861.128444635182, "0x612356EA7E7F2D9d9BDC1aF83043Eb6f14061Dd4": 77001.10926170576, "0x4D26f0e78C154f8FDA7AcF6646246Fa135507017": 2500.9559882485605, "0xe307c873344b6148d3343530820Eb9e741247EC1": 1045.2249711057075, "0x2f707265E61300e8290C18E38EbcBd129FB0B0F5": 360275.48294666735, "0xDB60b36688df7AB9444f32DdE2d8CEAC4b0040E1": 10886.424408869367, "0xc1AF2a378d98b43C574eB2d021e273935707A3ef": 424.0011405558277, "0x83fEBcf72458393A3957cc9793A9F04FF59A3d45": 40909.282615582, "0x6580B4a8af96532eeE64Fc7079cA9DcD3dd1B815": 102700.1609911625, "0x5DA07af8913A4EAf09E5F569c20138b658906c17": 1693051.9271857762, "0x2fC74276522cB6e8b7541Bd590D969119fC15A61": 1393456.8112100153, "0xf06FC197033BD8d2A780438684515BD9E0E9B434": 34801.88192508065, "0xC5200D72E6d3cBb471A6692d7425abe3A0c781Af": 1199998.4748057863, "0x009d13E9bEC94Bf16791098CE4E5C168D27A9f07": 36933.16192760593, "0xC5201FFE258a95Af986E7cD1fcaD54f3f63f2C95": 208852.37829289626, "0x61d7ecE32854CaF46c6304Fd536704EacD4dA256": 41247.40721135605, "0x48c7e0db3DAd3FE4Eb0513b86fe5C38ebB4E0F91": 225.34994724623382, "0x7060a14A1b1C31Fbd6eb5Ae48230fbdB33a9b72D": 2448.7135240000002, "0x28EF7B4252aC35266f5a16Af86046356Ce60fad0": 5501.84689233427, "0xa219712cC2Aaa5AA98CcF2A7ba055231F1752323": 3280.97261084288, "0x678b5bcaFE38C8B715032c1204230a6d6c2E775B": 2207.2043575225575, "0xaB699b1BB3fE0eB9884213AB91D86f06fB33499d": 10092.784389286262, "0xE36256F2E0caE6E083E307c5e23E5caA21A16adF": 83062.29555505075, "0x6206798A980D13d34b7078bE0f95E2f4C3146dD0": 32580.178719876883, "0x19bff1DBDF88B154BE91AF3c9c8542a50f53858e": 400.00076454992666, "0x3Ac892A09165516D98Ec9C02B95Ff840aB4bAdae": 10754.943569975352, "0xb5C443bc3C15003D85EC77f526D1AFF5343eD4b7": 27.69052415517274}, "working_supply": 15328334.442652069, "ratio_working": 2.545694768548063, "total_vp": 39021260.801214464, "last_base_block": 29915297, "veSDT_total_supply": 31856207.7602251, "veBalance": 39021260.80121447, "total_user_votes": 39021260.80121447, "sdspectra_gauge_total_supply": 37765039.512138516, "sdspectra_total_supply": 39021260.80121447}